Workbook

Sheet Clips to Record
A1: clip_id | B1: language | C1: what_to_say | D1: romanised (Tamil only) | E1: noise_needed | F1: proofread | G1: claims_in_clip
A2: 1 | B2: English | C2: The monthly rent is twenty thousand rupees. | E2: No | F2: n/a | G2: =COUNTIF('Answer Key'!$A$2:$A$25,A2) -> 1
A3: 2 | B3: English | C3: The security deposit is two months' rent. | E3: No | F3: n/a | G3: =COUNTIF('Answer Key'!$A$2:$A$25,A3) -> 1
A4: 3 | B4: Hinglish | C4: Do mahine ka deposit hai aur notice period ek mahina hai. | E4: No | F4: n/a | G4: =COUNTIF('Answer Key'!$A$2:$A$25,A4) -> 2
A5: 4 | B5: English | C5: There's no lock-in period. | E5: No | F5: n/a | G5: =COUNTIF('Answer Key'!$A$2:$A$25,A5) -> 1
A6: 5 | B6: English | C6: Maintenance is around fifteen hundred a month, maybe. | E6: No | F6: n/a | G6: =COUNTIF('Answer Key'!$A$2:$A$25,A6) -> 1
A7: 6 | B7: English | C7: Rent is eighteen thousand, deposit is forty thousand rupees, and they said the deposit comes back within thirty days. | E7: No | F7: n/a | G7: =COUNTIF('Answer Key'!$A$2:$A$25,A7) -> 3
A8: 7 | B8: Hinglish | C8: Lock-in chhe mahine ka hai, uske baad koi problem nahi. | E8: Yes | F8: n/a | G8: =COUNTIF('Answer Key'!$A$2:$A$25,A8) -> 1
A9: 8 | B9: English | C9: Notice period is fifteen days. | E9: Yes | F9: n/a | G9: =COUNTIF('Answer Key'!$A$2:$A$25,A9) -> 1
A10: 9 | B10: Hinglish | C10: Maintenance rent mein hi included hai. | E10: Yes | F10: n/a | G10: =COUNTIF('Answer Key'!$A$2:$A$25,A10) -> 1
A11: 10 | B11: English | C11: Rent twenty-two thousand, deposit three months, lock-in eleven months, notice two months. (Say it fast, with a fan or street noise on.) | E11: Yes | F11: n/a | G11: =COUNTIF('Answer Key'!$A$2:$A$25,A11) -> 4
A12: T1 | B12: Tamil | C12: மாத வாடகை இருபதாயிரம் ரூபாய். | D12: Maadha vaadagai irubadhaayiram roobaai. | E12: No | F12: Needs native proofreading | G12: =COUNTIF('Answer Key'!$A$2:$A$25,A12) -> 1
A13: T2 | B13: Tamil | C13: செக்யூரிட்டி டெபாசிட் இரண்டு மாத வாடகை. | D13: Security deposit irandu maadha vaadagai. | E13: No | F13: Needs native proofreading | G13: =COUNTIF('Answer Key'!$A$2:$A$25,A13) -> 1
A14: T4 | B14: Tamil | C14: லாக்-இன் பீரியட் எதுவும் இல்லை. | D14: Lock-in period edhuvum illai. | E14: No | F14: Needs native proofreading | G14: =COUNTIF('Answer Key'!$A$2:$A$25,A14) -> 1
A15: T5 | B15: Tamil | C15: மெயின்டனன்ஸ் மாதம் சுமார் ஆயிரத்து ஐநூறு ரூபாய், இருக்கலாம். | D15: Maintenance maadham sumaar aayirathu ainooru roobaai, irukkalaam. | E15: No | F15: Needs native proofreading | G15: =COUNTIF('Answer Key'!$A$2:$A$25,A15) -> 1
A16: T6 | B16: Tamil | C16: வாடகை பதினெட்டாயிரம், டெபாசிட் நாற்பதாயிரம் ரூபாய், டெபாசிட் முப்பது நாட்களுக்குள் திரும்பக் கிடைக்கும்னு சொன்னாங்க. | D16: Vaadagai padinettaayiram, deposit naarpadhaayiram roobaai, deposit muppadhu naatkalukkul thirumba kidaikkumnu sonnaanga. | E16: No | F16: Needs native proofreading | G16: =COUNTIF('Answer Key'!$A$2:$A$25,A16) -> 3
A17: T8 | B17: Tamil | C17: நோட்டீஸ் பீரியட் பதினைந்து நாட்கள். | D17: Notice period padhinaindhu naatkal. | E17: Yes | F17: Needs native proofreading | G17: =COUNTIF('Answer Key'!$A$2:$A$25,A17) -> 1
A19: Notes
A20: Clips 1-10 are the English and Hinglish set. T1, T2, T4, T5, T6, T8 are the Tamil versions of clips 1, 2, 4, 5, 6, 8 (same answers).
A21: The Tamil lines are my drafts and keep common English loanwords (deposit, notice period, lock-in, maintenance) as people really say them. Get a native speaker to proofread before recording.
A22: Say each line in your own natural wording. Record each clip 2-3 times with different speakers if you can. Keep every clip at 30 seconds or less.
A23: Add a few of your own (e.g. a hedge like 'I think the rent is around twenty thousand', or a clip mentioning only one term).

Sheet Answer Key
A1: clip_id | B1: language | C1: term | D1: value | E1: unit | F1: hedged | G1: notes | H1: file_name | I1: speaker | J1: noisy (Y/N) | K1: term_ok (Y/N) | L1: value_ok (Y/N) | M1: all_correct
A2: 1 | B2: English | C2: monthly_rent | D2: 20000 | E2: inr | F2: =FALSE() -> FALSE | J2: N | M2: =IF(OR(K2="",L2=""),"",IF(AND(K2="Y",L2="Y"),"Y","N"))
A3: 2 | B3: English | C3: security_deposit | D3: 2 | E3: months_of_rent | F3: =FALSE() -> FALSE | J3: N | M3: =IF(OR(K3="",L3=""),"",IF(AND(K3="Y",L3="Y"),"Y","N"))
A4: 3 | B4: Hinglish | C4: security_deposit | D4: 2 | E4: months_of_rent | F4: =FALSE() -> FALSE | G4: Hinglish: 'do mahine ka deposit' | J4: N | M4: =IF(OR(K4="",L4=""),"",IF(AND(K4="Y",L4="Y"),"Y","N"))
A5: 3 | B5: Hinglish | C5: notice_period | D5: 1 | E5: months | F5: =FALSE() -> FALSE | G5: 1 month = 30 days by fixed rule | J5: N | M5: =IF(OR(K5="",L5=""),"",IF(AND(K5="Y",L5="Y"),"Y","N"))
A6: 4 | B6: English | C6: lock_in_period | D6: 0 | E6: months | F6: =FALSE() -> FALSE | G6: 'No lock-in' = 0 | J6: N | M6: =IF(OR(K6="",L6=""),"",IF(AND(K6="Y",L6="Y"),"Y","N"))
A7: 5 | B7: English | C7: maintenance_charges | D7: 1500 | E7: inr | F7: =TRUE() -> TRUE | G7: Hedged: 'around ... maybe' | J7: N | M7: =IF(OR(K7="",L7=""),"",IF(AND(K7="Y",L7="Y"),"Y","N"))
A8: 6 | B8: English | C8: monthly_rent | D8: 18000 | E8: inr | F8: =FALSE() -> FALSE | G8: 3 claims in one clip | J8: N | M8: =IF(OR(K8="",L8=""),"",IF(AND(K8="Y",L8="Y"),"Y","N"))
A9: 6 | B9: English | C9: security_deposit | D9: 40000 | E9: inr | F9: =FALSE() -> FALSE | J9: N | M9: =IF(OR(K9="",L9=""),"",IF(AND(K9="Y",L9="Y"),"Y","N"))
A10: 6 | B10: English | C10: deposit_refund_period | D10: 30 | E10: days | F10: =FALSE() -> FALSE | J10: N | M10: =IF(OR(K10="",L10=""),"",IF(AND(K10="Y",L10="Y"),"Y","N"))
A11: 7 | B11: Hinglish | C11: lock_in_period | D11: 6 | E11: months | F11: =FALSE() -> FALSE | G11: Hinglish: 'chhe mahine' | J11: Y | M11: =IF(OR(K11="",L11=""),"",IF(AND(K11="Y",L11="Y"),"Y","N"))
A12: 8 | B12: English | C12: notice_period | D12: 15 | E12: days | F12: =FALSE() -> FALSE | J12: Y | M12: =IF(OR(K12="",L12=""),"",IF(AND(K12="Y",L12="Y"),"Y","N"))
A13: 9 | B13: Hinglish | C13: maintenance_charges | E13: none | F13: =FALSE() -> FALSE | G13: 'Included in rent': decide with P3 whether this is 0 or UNCLEAR, then record it here | J13: Y | M13: =IF(OR(K13="",L13=""),"",IF(AND(K13="Y",L13="Y"),"Y","N"))
A14: 10 | B14: English | C14: monthly_rent | D14: 22000 | E14: inr | F14: =FALSE() -> FALSE | G14: 4 claims, fast speech, noisy | J14: Y | M14: =IF(OR(K14="",L14=""),"",IF(AND(K14="Y",L14="Y"),"Y","N"))
A15: 10 | B15: English | C15: security_deposit | D15: 3 | E15: months_of_rent | F15: =FALSE() -> FALSE | J15: Y | M15: =IF(OR(K15="",L15=""),"",IF(AND(K15="Y",L15="Y"),"Y","N"))
A16: 10 | B16: English | C16: lock_in_period | D16: 11 | E16: months | F16: =FALSE() -> FALSE | J16: Y | M16: =IF(OR(K16="",L16=""),"",IF(AND(K16="Y",L16="Y"),"Y","N"))
A17: 10 | B17: English | C17: notice_period | D17: 2 | E17: months | F17: =FALSE() -> FALSE | J17: Y | M17: =IF(OR(K17="",L17=""),"",IF(AND(K17="Y",L17="Y"),"Y","N"))
A18: T1 | B18: Tamil | C18: monthly_rent | D18: 20000 | E18: inr | F18: =FALSE() -> FALSE | G18: Tamil version of clip 1 | J18: N | M18: =IF(OR(K18="",L18=""),"",IF(AND(K18="Y",L18="Y"),"Y","N"))
A19: T2 | B19: Tamil | C19: security_deposit | D19: 2 | E19: months_of_rent | F19: =FALSE() -> FALSE | G19: Tamil version of clip 2 | J19: N | M19: =IF(OR(K19="",L19=""),"",IF(AND(K19="Y",L19="Y"),"Y","N"))
A20: T4 | B20: Tamil | C20: lock_in_period | D20: 0 | E20: months | F20: =FALSE() -> FALSE | G20: Tamil version of clip 4 | J20: N | M20: =IF(OR(K20="",L20=""),"",IF(AND(K20="Y",L20="Y"),"Y","N"))
A21: T5 | B21: Tamil | C21: maintenance_charges | D21: 1500 | E21: inr | F21: =TRUE() -> TRUE | G21: Tamil version of clip 5; hedged | J21: N | M21: =IF(OR(K21="",L21=""),"",IF(AND(K21="Y",L21="Y"),"Y","N"))
A22: T6 | B22: Tamil | C22: monthly_rent | D22: 18000 | E22: inr | F22: =FALSE() -> FALSE | G22: Tamil version of clip 6; 3 claims | J22: N | M22: =IF(OR(K22="",L22=""),"",IF(AND(K22="Y",L22="Y"),"Y","N"))
A23: T6 | B23: Tamil | C23: security_deposit | D23: 40000 | E23: inr | F23: =FALSE() -> FALSE | J23: N | M23: =IF(OR(K23="",L23=""),"",IF(AND(K23="Y",L23="Y"),"Y","N"))
A24: T6 | B24: Tamil | C24: deposit_refund_period | D24: 30 | E24: days | F24: =FALSE() -> FALSE | J24: N | M24: =IF(OR(K24="",L24=""),"",IF(AND(K24="Y",L24="Y"),"Y","N"))
A25: T8 | B25: Tamil | C25: notice_period | D25: 15 | E25: days | F25: =FALSE() -> FALSE | G25: Tamil version of clip 8 | J25: Y | M25: =IF(OR(K25="",L25=""),"",IF(AND(K25="Y",L25="Y"),"Y","N"))
A27: Value/unit follow the parser output format {term, value, unit, hedged, quote}. Units: inr | days | months | months_of_rent | none.
A28: Yellow cells with blue text are for you to fill in after recording and running each clip.

Sheet Summary
A1: Voice eval summary
A3: Metric | B3: Value
A4: Total claims in answer key | B4: =COUNTA('Answer Key'!$A$2:$A$25) -> 24
A5: Claims scored so far | B5: =COUNTIF('Answer Key'!$M$2:$M$25,"Y")+COUNTIF('Answer Key'!$M$2:$M$25,"N") -> 0
A6: Claims fully correct | B6: =COUNTIF('Answer Key'!$M$2:$M$25,"Y") -> 0
A7: Overall accuracy | B7: =IF((B5)=0,"",(B6)/(B5))
A8: Term recognised correctly | B8: =IF((COUNTIF('Answer Key'!$K$2:$K$25,"Y")+COUNTIF('Answer Key'!$K$2:$K$25,"N"))=0,"",(COUNTIF('Answer Key'!$K$2:$K$25,"Y"))/(COUNTIF('Answer Key'!$K$2:$K$25,"Y")+COUNTIF('Answer Key'!$K$2:$K$25,"N")))
A9: Value recognised correctly | B9: =IF((COUNTIF('Answer Key'!$L$2:$L$25,"Y")+COUNTIF('Answer Key'!$L$2:$L$25,"N"))=0,"",(COUNTIF('Answer Key'!$L$2:$L$25,"Y"))/(COUNTIF('Answer Key'!$L$2:$L$25,"Y")+COUNTIF('Answer Key'!$L$2:$L$25,"N")))
A10: Accuracy on noisy clips | B10: =IF((COUNTIFS('Answer Key'!$J$2:$J$25,"Y",'Answer Key'!$M$2:$M$25,"Y")+COUNTIFS('Answer Key'!$J$2:$J$25,"Y",'Answer Key'!$M$2:$M$25,"N"))=0,"",(COUNTIFS('Answer Key'!$J$2:$J$25,"Y",'Answer Key'!$M$2:$M$25,"Y"))/(COUNTIFS('Answer Key'!$J$2:$J$25,"Y",'Answer Key'!$M$2:$M$25,"Y")+COUNTIFS('Answer Key'!$J$2:$J$25,"Y",'Answer Key'!$M$2:$M$25,"N")))
A11: Accuracy on clean clips | B11: =IF((COUNTIFS('Answer Key'!$J$2:$J$25,"N",'Answer Key'!$M$2:$M$25,"Y")+COUNTIFS('Answer Key'!$J$2:$J$25,"N",'Answer Key'!$M$2:$M$25,"N"))=0,"",(COUNTIFS('Answer Key'!$J$2:$J$25,"N",'Answer Key'!$M$2:$M$25,"Y"))/(COUNTIFS('Answer Key'!$J$2:$J$25,"N",'Answer Key'!$M$2:$M$25,"Y")+COUNTIFS('Answer Key'!$J$2:$J$25,"N",'Answer Key'!$M$2:$M$25,"N")))
A14: By language
A15: Language | B15: Claims | C15: Scored | D15: Correct | E15: Accuracy
A16: English | B16: =COUNTIF('Answer Key'!$B$2:$B$25,A16) -> 12 | C16: =COUNTIFS('Answer Key'!$B$2:$B$25,A16,'Answer Key'!$M$2:$M$25,"Y")+COUNTIFS('Answer Key'!$B$2:$B$25,A16,'Answer Key'!$M$2:$M$25,"N") -> 0 | D16: =COUNTIFS('Answer Key'!$B$2:$B$25,A16,'Answer Key'!$M$2:$M$25,"Y") -> 0 | E16: =IF(C16=0,"",D16/C16)
A17: Hinglish | B17: =COUNTIF('Answer Key'!$B$2:$B$25,A17) -> 4 | C17: =COUNTIFS('Answer Key'!$B$2:$B$25,A17,'Answer Key'!$M$2:$M$25,"Y")+COUNTIFS('Answer Key'!$B$2:$B$25,A17,'Answer Key'!$M$2:$M$25,"N") -> 0 | D17: =COUNTIFS('Answer Key'!$B$2:$B$25,A17,'Answer Key'!$M$2:$M$25,"Y") -> 0 | E17: =IF(C17=0,"",D17/C17)
A18: Tamil | B18: =COUNTIF('Answer Key'!$B$2:$B$25,A18) -> 8 | C18: =COUNTIFS('Answer Key'!$B$2:$B$25,A18,'Answer Key'!$M$2:$M$25,"Y")+COUNTIFS('Answer Key'!$B$2:$B$25,A18,'Answer Key'!$M$2:$M$25,"N") -> 0 | D18: =COUNTIFS('Answer Key'!$B$2:$B$25,A18,'Answer Key'!$M$2:$M$25,"Y") -> 0 | E18: =IF(C18=0,"",D18/C18)
A21: How to use
A22: 1. Record the clips on 'Clips to Record'; list the file name, speaker and noise in the yellow columns of 'Answer Key'.
A23: 2. Run each clip through Saaras and the parser, then mark term_ok and value_ok as Y or N.
A24: 3. Example of a filled row: file_name = clip01_priya.wav, speaker = Priya, noisy = N, term_ok = Y, value_ok = Y.
A25: 4. This page updates automatically. With about 10 clips per language, call it a small test set and report the failures too.
